cell_line,approach,fold,score,processing_time,n_features
E003,PATX,1,0.9249652262898086,105.08849000930786,7
E003,TSFRESH,1,0.8682637535105098,5.665529012680054,10
E003,CATCH22,1,0.9056345193215752,51.16965985298157,22
E003,CNN,1,0.9241715137772232,17.873642921447754,1000
E003,PATX,2,0.926549154824264,84.03438639640808,5
E003,TSFRESH,2,0.8671429661920864,5.615707874298096,10
E003,CATCH22,2,0.910444057303307,50.86876702308655,22
E003,CNN,2,0.9256212048289356,16.337995052337646,1000
E003,PATX,3,0.9300114678527291,83.34204888343811,15
E003,TSFRESH,3,0.8745916180046762,5.93998908996582,10
E003,CATCH22,3,0.9185751509816052,50.860835790634155,22
E003,CNN,3,0.9269312692180848,16.26955008506775,1000
E003,PATX,4,0.9321652101230664,156.0189950466156,15
E003,TSFRESH,4,0.8730655556616574,5.6651389598846436,10
E003,CATCH22,4,0.912691528704696,50.785561084747314,22
E003,CNN,4,0.9279705001290908,28.084792137145996,1000
E003,PATX,5,0.936416507808512,79.7875862121582,15
E003,TSFRESH,5,0.8819577808665225,5.793622970581055,10
E003,CATCH22,5,0.9229353744985213,51.74516677856445,22
E003,CNN,5,0.9193330668996194,9.13738489151001,1000
E004,PATX,1,0.9290580963978502,84.32501292228699,15
E004,TSFRESH,1,0.8638126891492474,5.734554767608643,10
E004,CATCH22,1,0.91814863647584,52.476141929626465,22
E004,CNN,1,0.9318769614522892,25.555596113204956,1000
E004,PATX,2,0.9204286931510894,72.74950504302979,15
E004,TSFRESH,2,0.867432241377227,5.782170057296753,10
E004,CATCH22,2,0.917758902764339,52.468172788619995,22
E004,CNN,2,0.9204244196002138,10.758602857589722,1000
E004,PATX,3,0.9266377204820684,79.82634902000427,15
E004,TSFRESH,3,0.866697780081893,5.778320074081421,10
E004,CATCH22,3,0.9172593394033474,52.81389307975769,22
E004,CNN,3,0.919664022271979,17.700513124465942,1000
E004,PATX,4,0.9280021833417628,110.89075779914856,15
E004,TSFRESH,4,0.8681895829133467,5.779975175857544,10
E004,CATCH22,4,0.9189649521775064,53.78463292121887,22
E004,CNN,4,0.9224337481918464,17.72765278816223,1000
E004,PATX,5,0.924128431660342,76.66637110710144,15
E004,TSFRESH,5,0.8634391641054842,5.746840238571167,10
E004,CATCH22,5,0.9138402293687762,52.72885513305664,22
E004,CNN,5,0.925540618762828,21.320739030838013,1000
E005,PATX,1,0.9299948215008456,72.1418788433075,15
E005,TSFRESH,1,0.8839958748747351,5.688757658004761,10
E005,CATCH22,1,0.91808618813564,52.254250049591064,22
E005,CNN,1,0.9298697775366253,18.769654989242554,1000
E005,PATX,2,0.938645384979033,136.30420994758606,5
E005,TSFRESH,2,0.8849887590908715,5.803649187088013,10
E005,CATCH22,2,0.9231377049682816,53.20198607444763,22
E005,CNN,2,0.9302981110321242,12.949995994567873,1000
E005,PATX,3,0.9424178977436836,125.93933725357056,6
E005,TSFRESH,3,0.8934291669466577,5.7398340702056885,10
E005,CATCH22,3,0.9320050256943486,52.53843712806702,22
E005,CNN,3,0.9376850152256258,14.43611216545105,1000
E005,PATX,4,0.9359422911648928,98.18700075149536,15
E005,TSFRESH,4,0.8826985785879248,5.7838499546051025,10
E005,CATCH22,4,0.921256164226912,55.492857217788696,22
E005,CNN,4,0.9374987474078712,25.889468908309937,1000
E005,PATX,5,0.9381539267731692,151.7783317565918,15
E005,TSFRESH,5,0.8872168994424934,5.800854206085205,10
E005,CATCH22,5,0.9241321157548386,52.226338624954224,22
E005,CNN,5,0.9271707568957408,11.86704707145691,1000
E006,PATX,1,0.905742478362534,69.92986989021301,15
E006,TSFRESH,1,0.8683678831721166,5.735193967819214,10
E006,CATCH22,1,0.8940809872493448,53.77866792678833,22
E006,CNN,1,0.8967541886045919,13.71103310585022,1000
E006,PATX,2,0.9164554943701142,113.84474396705627,15
E006,TSFRESH,2,0.8764136607402849,5.760584831237793,10
E006,CATCH22,2,0.900050663667519,53.314515829086304,22
E006,CNN,2,0.9144771356253708,33.82326412200928,1000
E006,PATX,3,0.9180560123832732,89.24534392356873,15
E006,TSFRESH,3,0.8827927440432612,5.739321708679199,10
E006,CATCH22,3,0.9036430978931695,52.33321809768677,22
E006,CNN,3,0.9202106182087404,34.08687996864319,1000
E006,PATX,4,0.9059823505348126,101.76654386520386,5
E006,TSFRESH,4,0.8585166244027346,5.744138956069946,10
E006,CATCH22,4,0.8881903845723091,52.517590045928955,22
E006,CNN,4,0.9120418017992526,31.386734008789062,1000
E006,PATX,5,0.9167717370417132,109.2131371498108,15
E006,TSFRESH,5,0.874441343910516,5.732796907424927,10
E006,CATCH22,5,0.9010086756004484,54.31317901611328,22
E006,CNN,5,0.9173390875942096,27.212754011154175,1000
E007,PATX,1,0.9378898234538292,92.80950570106506,15
E007,TSFRESH,1,0.894520776739525,5.7332282066345215,10
E007,CATCH22,1,0.920412241524258,52.71613788604736,22
E007,CNN,1,0.9278780584221896,10.592961072921751,1000
E007,PATX,2,0.9330498348936208,127.23543405532835,6
E007,TSFRESH,2,0.8884802491273117,5.756487846374512,10
E007,CATCH22,2,0.9153891700589808,54.98072099685669,22
E007,CNN,2,0.9270230983883118,15.894150018692017,1000
E007,PATX,3,0.9334515485575444,90.79371905326845,15
E007,TSFRESH,3,0.8836994733807962,5.780598163604736,10
E007,CATCH22,3,0.9127879046167304,53.46370029449463,22
E007,CNN,3,0.9215852275473598,10.894880056381226,1000
E007,PATX,4,0.9353817193462708,165.3989748954773,15
E007,TSFRESH,4,0.8922007424776686,6.069244861602783,10
E007,CATCH22,4,0.9182605533097316,56.29726505279541,22
E007,CNN,4,0.9357402554226923,28.95070719718933,1000
E007,PATX,5,0.9316391214289336,98.93743205070496,15
E007,TSFRESH,5,0.890973644282698,6.1326799392700195,10
E007,CATCH22,5,0.9187957785582164,55.155192613601685,22
E007,CNN,5,0.9274184754097008,11.639620780944824,1000
E011,PATX,1,0.9270710903656938,128.30401420593262,15
E011,TSFRESH,1,0.8483333068222455,5.825299263000488,10
E011,CATCH22,1,0.9147986659620608,52.31256675720215,22
E011,CNN,1,0.9265766585778392,26.627665758132935,1000
E011,PATX,2,0.919150925267701,91.18893599510191,5
E011,TSFRESH,2,0.8328283176597217,5.653195142745972,10
E011,CATCH22,2,0.9065233229707124,51.282174825668335,22
E011,CNN,2,0.917885954581304,20.55164384841919,1000
E011,PATX,3,0.9200438024099284,82.19961810112,7
E011,TSFRESH,3,0.8406304929848946,5.796649932861328,10
E011,CATCH22,3,0.909212122498205,51.92526698112488,22
E011,CNN,3,0.9188626817142768,20.30580711364746,1000
E011,PATX,4,0.9230086142971162,94.48105692863464,5
E011,TSFRESH,4,0.835428698919293,6.07539701461792,10
E011,CATCH22,4,0.9105516592572156,51.64822793006897,22
E011,CNN,4,0.9207644112934884,22.922123908996586,1000
E011,PATX,5,0.924403265109798,104.77331304550172,5
E011,TSFRESH,5,0.8450052815178705,5.894038677215576,10
E011,CATCH22,5,0.9125782059579768,51.65953588485718,22
E011,CNN,5,0.9218615346346146,26.223729848861694,1000
E012,PATX,1,0.9425191012387748,76.95875287055969,15
E012,TSFRESH,1,0.8774533802520674,5.761420965194702,10
E012,CATCH22,1,0.926765771004293,50.34696698188782,22
E012,CNN,1,0.9377549114735866,37.50934815406799,1000
E012,PATX,2,0.9539096200254408,102.09184622764587,15
E012,TSFRESH,2,0.893071957144255,5.810959100723267,10
E012,CATCH22,2,0.942913334771604,50.65408682823181,22
E012,CNN,2,0.9480386470354534,18.014994859695435,1000
E012,PATX,3,0.952517327033237,135.97212290763855,15
E012,TSFRESH,3,0.884377936223314,5.677734851837158,10
E012,CATCH22,3,0.9391319801801608,51.92670202255249,22
E012,CNN,3,0.9496561118832972,18.08540105819702,1000
E012,PATX,4,0.953383383967528,111.19646286964417,15
E012,TSFRESH,4,0.8810058108485677,6.247466087341309,10
E012,CATCH22,4,0.9454945587397922,51.91708588600159,22
E012,CNN,4,0.9516788271257816,23.879038095474243,1000
E012,PATX,5,0.9455459886989664,75.4813642501831,15
E012,TSFRESH,5,0.8876116870087628,5.768557786941528,10
E012,CATCH22,5,0.9356919201028951,50.35039782524109,22
E012,CNN,5,0.9412073042920585,12.654336214065552,1000
E013,PATX,1,0.9475810988904816,70.1611099243164,15
E013,TSFRESH,1,0.8946003100029869,5.565950155258179,10
E013,CATCH22,1,0.9388196262172273,49.73157715797424,22
E013,CNN,1,0.9475413322587504,19.526939868927,1000
E013,PATX,2,0.9411209491170552,83.3457260131836,6
E013,TSFRESH,2,0.8992658041759358,5.606254816055298,10
E013,CATCH22,2,0.9301755043672728,50.161473989486694,22
E013,CNN,2,0.9385607981693882,10.637206077575684,1000
E013,PATX,3,0.9386097229443048,111.03728795051576,15
E013,TSFRESH,3,0.8998701430371794,5.659347057342529,10
E013,CATCH22,3,0.927466810729498,49.93958926200867,22
E013,CNN,3,0.9369458385058018,16.45029091835022,1000
E013,PATX,4,0.9383095429247112,51.4327871799469,15
E013,TSFRESH,4,0.8879485606095439,5.732723951339722,10
E013,CATCH22,4,0.9288713349154308,50.19580602645874,22
E013,CNN,4,0.9342504076082152,17.91963505744934,1000
E013,PATX,5,0.9427768759114452,150.74824404716492,15
E013,TSFRESH,5,0.8947110844677398,5.719135999679565,10
E013,CATCH22,5,0.9321495895624002,49.89825797080994,22
E013,CNN,5,0.938823547788895,24.94933605194092,1000
E016,PATX,1,0.9351799484270972,115.3836772441864,15
E016,TSFRESH,1,0.8730730121249933,5.674053192138672,10
E016,CATCH22,1,0.9228004486854328,49.95146894454956,22
E016,CNN,1,0.9272189633222044,9.140589952468872,1000
E016,PATX,2,0.9435198840895452,71.61315202713013,15
E016,TSFRESH,2,0.8759012768776798,5.800655841827393,10
E016,CATCH22,2,0.9285665866186612,52.53420972824097,22
E016,CNN,2,0.9408481787605174,23.239712953567505,1000
E016,PATX,3,0.940559051024414,120.27696108818054,15
E016,TSFRESH,3,0.8749216024691095,5.782132863998413,10
E016,CATCH22,3,0.9304497483616097,50.00102996826172,22
E016,CNN,3,0.9302033561216684,9.22350001335144,1000
E016,PATX,4,0.9378341473708532,115.14911699295044,5
E016,TSFRESH,4,0.8733064954417435,5.847906112670898,10
E016,CATCH22,4,0.9242697535252362,52.39223599433899,22
E016,CNN,4,0.9278310939933344,8.402451038360596,1000
E016,PATX,5,0.9408935668047168,71.44276404380798,15
E016,TSFRESH,5,0.8765349411311172,5.752284049987793,10
E016,CATCH22,5,0.926632142280319,52.61579704284668,22
E016,CNN,5,0.9386481848908508,28.590612173080444,1000
E024,PATX,1,0.9294603285136176,88.37421488761902,5
E024,TSFRESH,1,0.8589621910648209,5.722476005554199,10
E024,CATCH22,1,0.9048698217217714,54.90684700012207,22
E024,CNN,1,0.9315321700267996,34.97704291343689,1000
E024,PATX,2,0.9374607275526649,149.0762801170349,15
E024,TSFRESH,2,0.8775927183430181,5.789469957351685,10
E024,CATCH22,2,0.915512808270291,52.05170178413391,22
E024,CNN,2,0.9326579946029492,16.63880681991577,1000
E024,PATX,3,0.9352944799885884,79.1208701133728,15
E024,TSFRESH,3,0.8729177497904487,5.752928972244263,10
E024,CATCH22,3,0.910425368497868,51.75631475448608,22
E024,CNN,3,0.9341584526095768,26.5294132232666,1000
E024,PATX,4,0.9383726146224952,114.66062307357788,5
E024,TSFRESH,4,0.8682193503968803,5.783182144165039,10
E024,CATCH22,4,0.9164202744267254,53.75239086151123,22
E024,CNN,4,0.9367309821147528,47.48578882217407,1000
E024,PATX,5,0.9340921389086356,105.50016689300536,15
E024,TSFRESH,5,0.8740492088922842,5.730232000350952,10
E024,CATCH22,5,0.9121100312293324,51.94134783744812,22
E024,CNN,5,0.9308809347815066,25.442875862121586,1000
E027,PATX,1,0.9328814371130488,158.36786103248596,15
E027,TSFRESH,1,0.877610973940779,5.714421987533569,10
E027,CATCH22,1,0.9135788613546696,53.35242700576782,22
E027,CNN,1,0.932255333589018,24.6640100479126,1000
E027,PATX,2,0.9364618771262756,122.04008507728577,15
E027,TSFRESH,2,0.8888393418967435,5.762555837631226,10
E027,CATCH22,2,0.9213183285523596,51.13522219657898,22
E027,CNN,2,0.942989947134702,32.88861632347107,1000
E027,PATX,3,0.9339773425241176,160.6144061088562,6
E027,TSFRESH,3,0.8771355958978639,5.7356860637664795,10
E027,CATCH22,3,0.9171794926206112,51.040852069854736,22
E027,CNN,3,0.93880645359043,31.581588983535767,1000
E027,PATX,4,0.9328149370285096,57.903661012649536,15
E027,TSFRESH,4,0.8862221939283765,5.752904891967773,10
E027,CATCH22,4,0.9138319769971034,51.08654570579529,22
E027,CNN,4,0.9192237229749564,9.22616696357727,1000
E027,PATX,5,0.9274162649530026,129.9037902355194,5
E027,TSFRESH,5,0.8793130431092108,5.772794961929321,10
E027,CATCH22,5,0.9108823435792424,50.94782066345215,22
E027,CNN,5,0.9178180198787844,14.644409894943236,1000
E028,PATX,1,0.9270160062165554,111.26081395149232,15
E028,TSFRESH,1,0.8586210817348621,5.6719560623168945,10
E028,CATCH22,1,0.9147275278764088,51.321382999420166,22
E028,CNN,1,0.9254181240400776,15.463178157806396,1000
E028,PATX,2,0.9324304450122208,109.700660943985,4
E028,TSFRESH,2,0.8678190714133929,5.829337120056152,10
E028,CATCH22,2,0.9220253801765596,52.509828090667725,22
E028,CNN,2,0.9292017036436884,12.69737696647644,1000
E028,PATX,3,0.9280099936220956,103.5665888786316,6
E028,TSFRESH,3,0.8596382101313188,5.759241104125977,10
E028,CATCH22,3,0.9177032234942664,51.40382480621338,22
E028,CNN,3,0.9201255893077556,9.80261206626892,1000
E028,PATX,4,0.9338544411317066,93.19265222549438,15
E028,TSFRESH,4,0.8629835152981286,5.747869968414307,10
E028,CATCH22,4,0.9185938901797956,55.60058689117432,22
E028,CNN,4,0.9262730167487776,9.28288507461548,1000
E028,PATX,5,0.9330445297975458,116.64466285705566,15
E028,TSFRESH,5,0.8646702411225112,5.771589756011963,10
E028,CATCH22,5,0.9235890802260206,51.26562309265137,22
E028,CNN,5,0.9301447053372802,20.15428781509399,1000
E037,PATX,1,0.9456276735695648,97.12115478515624,15
E037,TSFRESH,1,0.8993644997681752,5.6585609912872314,10
E037,CATCH22,1,0.9329244439888464,52.74609923362732,22
E037,CNN,1,0.9357126740084708,12.756364107131958,1000
E037,PATX,2,0.9542267468797192,89.58425402641296,5
E037,TSFRESH,2,0.9045689845220874,5.809586763381958,10
E037,CATCH22,2,0.9385042104779184,54.19631886482239,22
E037,CNN,2,0.9469266399525604,22.41440486907959,1000
E037,PATX,3,0.956938093065532,82.35463309288025,15
E037,TSFRESH,3,0.902338338986208,5.863595008850098,10
E037,CATCH22,3,0.9410180891987064,52.403395891189575,22
E037,CNN,3,0.9518953045184092,13.885081052780151,1000
E037,PATX,4,0.9462850180550104,144.47252583503723,15
E037,TSFRESH,4,0.8943286754589793,5.810696840286255,10
E037,CATCH22,4,0.931872840383806,55.53897500038147,22
E037,CNN,4,0.9419187766212668,10.429888010025024,1000
E037,PATX,5,0.9445380204446614,44.57599091529846,15
E037,TSFRESH,5,0.8978354913285258,5.771746635437012,10
E037,CATCH22,5,0.9326655101557222,54.36361908912659,22
E037,CNN,5,0.9472344828887074,54.54189610481262,1000
E038,PATX,1,0.9508039634665428,153.64976930618286,15
E038,TSFRESH,1,0.8969600913866653,5.7520530223846436,10
E038,CATCH22,1,0.9384268202660182,57.54847311973572,22
E038,CNN,1,0.951129755279094,44.69270133972168,1000
E038,PATX,2,0.9541464336196906,69.00088000297546,15
E038,TSFRESH,2,0.8965304376940044,5.7885448932647705,10
E038,CATCH22,2,0.9370432459642956,60.89828896522522,22
E038,CNN,2,0.9477546770316454,9.528788805007936,1000
E038,PATX,3,0.949873768186164,161.8757028579712,15
E038,TSFRESH,3,0.8994464721700554,5.889859914779663,10
E038,CATCH22,3,0.9343243842257094,56.144792795181274,22
E038,CNN,3,0.9495756512594888,24.73495507240295,1000
E038,PATX,4,0.9506637854100428,74.43217992782593,15
E038,TSFRESH,4,0.8976007408271941,5.810935735702515,10
E038,CATCH22,4,0.9376428691845832,54.544366121292114,22
E038,CNN,4,0.9507068156337644,23.230998039245605,1000
E038,PATX,5,0.954194326848148,142.33465719223022,6
E038,TSFRESH,5,0.8970677260354074,5.7986321449279785,10
E038,CATCH22,5,0.9375871656757926,54.92954897880554,22
E038,CNN,5,0.9537479619589244,20.60006022453308,1000
E047,PATX,1,0.956103677205708,79.07996535301208,15
E047,TSFRESH,1,0.9074922101586954,5.794424057006836,10
E047,CATCH22,1,0.946966188936864,52.18241310119629,22
E047,CNN,1,0.9558746508637016,67.54258012771606,1000
E047,PATX,2,0.9535487261285414,163.69580698013306,15
E047,TSFRESH,2,0.9009834763940908,5.795668125152588,10
E047,CATCH22,2,0.9404320234461668,55.36893105506897,22
E047,CNN,2,0.9531754536741328,21.580397844314575,1000
E047,PATX,3,0.9498994094838612,134.88766312599182,4
E047,TSFRESH,3,0.9043436653026676,5.682286977767944,10
E047,CATCH22,3,0.9419531123819764,55.7892701625824,22
E047,CNN,3,0.943985111542592,12.012176036834717,1000
E047,PATX,4,0.9512222941357468,90.54488396644592,15
E047,TSFRESH,4,0.907210627640022,5.92447304725647,10
E047,CATCH22,4,0.9432304616258822,52.44912815093994,22
E047,CNN,4,0.9499243139626592,18.781675100326535,1000
E047,PATX,5,0.9564660868786112,186.26023197174072,15
E047,TSFRESH,5,0.9069997500710292,5.815954923629761,10
E047,CATCH22,5,0.9457452245293496,51.96111083030701,22
E047,CNN,5,0.9472539349076502,11.440695762634276,1000
E050,PATX,1,0.9560765769826022,172.0872778892517,15
E050,TSFRESH,1,0.9083262784382966,5.771674871444702,10
E050,CATCH22,1,0.943274078106378,50.69171690940857,22
E050,CNN,1,0.9500195298346944,16.010465145111084,1000
E050,PATX,2,0.951266061178368,112.86338210105896,15
E050,TSFRESH,2,0.9076092466645682,5.738925933837891,10
E050,CATCH22,2,0.940447496643053,50.7877082824707,22
E050,CNN,2,0.9481487277790156,7.734129190444946,1000
E050,PATX,3,0.9530982350534812,130.39719080924988,15
E050,TSFRESH,3,0.90405910584374,5.782957077026367,10
E050,CATCH22,3,0.9398665886228088,53.79277491569519,22
E050,CNN,3,0.953227915179766,36.95533585548401,1000
E050,PATX,4,0.9509851858139372,107.1444480419159,15
E050,TSFRESH,4,0.8942017952445118,5.802661180496216,10
E050,CATCH22,4,0.9363102585232264,50.90049934387207,22
E050,CNN,4,0.953565967690786,28.729918003082275,1000
E050,PATX,5,0.9498954306618048,73.89318895339966,15
E050,TSFRESH,5,0.8984025471534621,5.78714394569397,10
E050,CATCH22,5,0.9358067164874132,53.30140018463135,22
E050,CNN,5,0.9487446669048064,39.708797216415405,1000
E053,PATX,1,0.9525077427104818,98.4370937347412,7
E053,TSFRESH,1,0.8982315926153069,5.697556972503662,10
E053,CATCH22,1,0.9439119643361064,50.341766119003296,22
E053,CNN,1,0.9399917108665414,20.736219882965088,1000
E053,PATX,2,0.9456460487054976,214.86312770843503,15
E053,TSFRESH,2,0.8827623871046083,5.8036417961120605,10
E053,CATCH22,2,0.9349900264193785,53.89456295967102,22
E053,CNN,2,0.9354100131920056,11.228375911712646,1000
E053,PATX,3,0.940483453405341,126.243558883667,15
E053,TSFRESH,3,0.8815786138609192,5.8484508991241455,10
E053,CATCH22,3,0.927899323423414,50.287025928497314,22
E053,CNN,3,0.93204849800941,24.254159212112427,1000
E053,PATX,4,0.9445251997958128,129.21933889389038,5
E053,TSFRESH,4,0.8835817297206807,5.892276048660278,10
E053,CATCH22,4,0.9349539222933104,50.416887044906616,22
E053,CNN,4,0.941777749483932,22.944489002227783,1000
E053,PATX,5,0.9376437533672624,78.66960716247559,15
E053,TSFRESH,5,0.881676758138312,5.926017999649048,10
E053,CATCH22,5,0.92691257555341,50.452821016311646,22
E053,CNN,5,0.9289167229596306,9.150028944015505,1000
E054,PATX,1,0.9409409550943412,170.90366411209106,15
E054,TSFRESH,1,0.8835001175324895,5.721916913986206,10
E054,CATCH22,1,0.928256725126561,57.207257986068726,22
E054,CNN,1,0.9319592931083542,8.975041151046753,1000
E054,PATX,2,0.9426944826689828,154.92106199264526,15
E054,TSFRESH,2,0.8835731483072464,5.784256935119629,10
E054,CATCH22,2,0.9281237372762392,50.39149808883667,22
E054,CNN,2,0.9396941552265674,9.851576089859009,1000
E054,PATX,3,0.9357082774824608,184.49269890785217,15
E054,TSFRESH,3,0.8769858742975168,6.164030075073242,10
E054,CATCH22,3,0.9240118669104652,52.69075894355774,22
E054,CNN,3,0.9277809903081788,25.892594814300537,1000
E054,PATX,4,0.950862726512866,260.45033597946167,15
E054,TSFRESH,4,0.8934468506002422,6.013769865036011,10
E054,CATCH22,4,0.942688899734863,56.99015712738037,22
E054,CNN,4,0.9462265146344022,59.24289393424988,1000
E054,PATX,5,0.9420726244074502,180.29849410057068,15
E054,TSFRESH,5,0.8769334127918834,5.8763041496276855,10
E054,CATCH22,5,0.9304628637380178,53.47113394737244,22
E054,CNN,5,0.945152232679156,102.66453289985655,1000
E055,PATX,1,0.953273176729392,220.39410829544067,15
E055,TSFRESH,1,0.8886369353653788,19.782431840896606,10
E055,CATCH22,1,0.939210370194939,139.03760075569153,22
E055,CNN,1,0.9438754379484424,34.418476819992065,1000
E055,PATX,2,0.9573586692932784,284.24979281425476,4
E055,TSFRESH,2,0.9027204532674088,5.895347356796265,10
E055,CATCH22,2,0.9483743417259952,120.58903002738953,22
E055,CNN,2,0.9601207086193664,119.6667091846466,1000
E055,PATX,3,0.9523017338232884,303.6219472885132,5
E055,TSFRESH,3,0.9001580918630436,21.33419704437256,10
E055,CATCH22,3,0.942449286228796,143.77631378173828,22
E055,CNN,3,0.9547248364556772,133.84883308410645,1000
E055,PATX,4,0.9515423682656228,446.9109706878662,5
E055,TSFRESH,4,0.8895324265155775,13.169758796691896,10
E055,CATCH22,4,0.9391169490746144,141.18417406082153,22
E055,CNN,4,0.952835927525314,168.0180082321167,1000
E055,PATX,5,0.9566300899832978,411.34994101524353,15
E055,TSFRESH,5,0.8937730827008723,5.835202693939209,10
E055,CATCH22,5,0.9460067793253272,50.24395179748535,22
E055,CNN,5,0.9546082583276034,25.34753894805908,1000
E056,PATX,1,0.9465069579822823,89.02886009216309,5
E056,TSFRESH,1,0.8892770308524258,5.665935754776001,10
E056,CATCH22,1,0.9348142426989938,51.176543951034546,22
E056,CNN,1,0.9449732915518588,27.37137484550476,1000
E056,PATX,2,0.9462272514533016,159.65294885635376,15
E056,TSFRESH,2,0.8853719049185315,10.748615980148315,10
E056,CATCH22,2,0.9394466018501818,58.99658799171448,22
E056,CNN,2,0.941029730937316,41.32420206069946,1000
E056,PATX,3,0.9470689933639144,175.961599111557,5
E056,TSFRESH,3,0.882772702569199,7.742417812347412,10
E056,CATCH22,3,0.9373597833634546,57.79471302032471,22
E056,CNN,3,0.9463153749936634,36.10790991783142,1000
E056,PATX,4,0.9505957033437432,181.36386799812317,5
E056,TSFRESH,4,0.8841141550573479,5.88453221321106,10
E056,CATCH22,4,0.9420942868830908,52.617440938949585,22
E056,CNN,4,0.946962301987289,13.7760272026062,1000
E056,PATX,5,0.9473662261079102,151.11714363098145,15
E056,TSFRESH,5,0.8957429256543836,5.840518951416016,10
E056,CATCH22,5,0.9407492976642252,54.371392011642456,22
E056,CNN,5,0.946425161009666,37.394137144088745,1000
E057,PATX,1,0.9449333776363068,107.99984908103944,15
E057,TSFRESH,1,0.8838814353456428,5.710803031921387,10
E057,CATCH22,1,0.933049340669246,50.70093393325806,22
E057,CNN,1,0.939377979183494,16.233236074447632,1000
E057,PATX,2,0.9516294602595252,98.13075971603394,15
E057,TSFRESH,2,0.8879543077969587,5.972815036773682,10
E057,CATCH22,2,0.9370727187202694,50.97075390815735,22
E057,CNN,2,0.9489803015888172,37.78811693191528,1000
E057,PATX,3,0.9428564523525744,99.78029680252077,6
E057,TSFRESH,3,0.875634253708557,5.746581792831421,10
E057,CATCH22,3,0.9279183333510168,50.80117082595825,22
E057,CNN,3,0.9375781764852208,23.92357110977173,1000
E057,PATX,4,0.9390966128729924,79.67640805244446,15
E057,TSFRESH,4,0.8796169072233009,6.086259841918945,10
E057,CATCH22,4,0.9244284643161554,50.854106187820435,22
E057,CNN,4,0.9427524135239868,36.393017053604126,1000
E057,PATX,5,0.9516088293303436,84.22314214706421,6
E057,TSFRESH,5,0.9093381185299932,6.218045949935913,10
E057,CATCH22,5,0.9404243605296138,51.14782500267029,22
E057,CNN,5,0.9478209907325864,15.455874919891356,1000
E058,PATX,1,0.9561650945591588,121.5714020729065,15
E058,TSFRESH,1,0.8950913542629533,5.941011905670166,10
E058,CATCH22,1,0.9435219567775006,51.88878798484802,22
E058,CNN,1,0.952284165869861,19.469706058502197,1000
E058,PATX,2,0.9578284650235016,83.76984119415283,15
E058,TSFRESH,2,0.8978715954545934,5.730445146560669,10
E058,CATCH22,2,0.9461217389869152,50.67333006858826,22
E058,CNN,2,0.956552884144954,14.715760946273804,1000
E058,PATX,3,0.955291302825494,110.21951699256896,15
E058,TSFRESH,3,0.8930280427378539,5.658150911331177,10
E058,CATCH22,3,0.9445007374083544,51.3903489112854,22
E058,CNN,3,0.9568906419284142,32.744945764541626,1000
E058,PATX,4,0.9598100657714024,99.28349709510805,6
E058,TSFRESH,4,0.8905082694658711,5.941598892211914,10
E058,CATCH22,4,0.9450760456049636,51.246124029159546,22
E058,CNN,4,0.9486879318495568,10.193068027496338,1000
E058,PATX,5,0.9535235269221836,89.67788100242615,15
E058,TSFRESH,5,0.8933385382220383,6.05302095413208,10
E058,CATCH22,5,0.9435695456833612,51.29190802574158,22
E058,CNN,5,0.9546146083483348,21.068201065063477,1000
E059,PATX,1,0.9314766440261976,56.20722699165344,15
E059,TSFRESH,1,0.8777840324307191,5.656917095184326,10
E059,CATCH22,1,0.920623004672432,53.09046292304993,22
E059,CNN,1,0.9251319515754362,13.21136999130249,1000
E059,PATX,2,0.9255628487549084,66.66375303268433,15
E059,TSFRESH,2,0.8753898878354995,5.972808122634888,10
E059,CATCH22,2,0.917898751032652,53.132893085479736,22
E059,CNN,2,0.914815457757718,7.608087062835693,1000
E059,PATX,3,0.9272628592581588,71.91493797302246,15
E059,TSFRESH,3,0.866752933423402,5.9831342697143555,10
E059,CATCH22,3,0.9170907796251302,52.52678012847901,22
E059,CNN,3,0.9135849953020428,18.16944694519043,1000
E059,PATX,4,0.9343229105879106,90.9896309375763,6
E059,TSFRESH,4,0.8748579413162061,6.455556154251099,10
E059,CATCH22,4,0.9249454164559364,52.232752084732056,22
E059,CNN,4,0.9302391655201764,24.82850980758667,1000
E059,PATX,5,0.9309167441800148,70.61890482902527,15
E059,TSFRESH,5,0.8800805136747694,5.632297992706299,10
E059,CATCH22,5,0.9254496953106488,53.63545203208923,22
E059,CNN,5,0.92985218823424,16.897828102111816,1000
E061,PATX,1,0.951409741823244,94.01096987724304,5
E061,TSFRESH,1,0.8845515767322197,5.826120138168335,10
E061,CATCH22,1,0.9397022981578328,50.813095808029175,22
E061,CNN,1,0.948736982319461,32.533565044403076,1000
E061,PATX,2,0.9494957800907996,80.90897631645203,5
E061,TSFRESH,2,0.8919139725620431,6.309299945831299,10
E061,CATCH22,2,0.9386162069506192,51.93171191215515,22
E061,CNN,2,0.9536117978263252,45.114968061447144,1000
E061,PATX,3,0.94912383391041,148.9958770275116,6
E061,TSFRESH,3,0.8755417092547989,5.86932110786438,10
E061,CATCH22,3,0.9392145038968877,54.912391901016235,22
E061,CNN,3,0.9460371521772704,40.51365780830383,1000
E061,PATX,4,0.9542221786025432,147.01949000358582,15
E061,TSFRESH,4,0.88848216485645,5.819915056228638,10
E061,CATCH22,4,0.9438555787800874,52.119855880737305,22
E061,CNN,4,0.9403780883027348,10.25553297996521,1000
E061,PATX,5,0.9512737240949212,75.37636995315552,15
E061,TSFRESH,5,0.8931247133774481,6.134491920471191,10
E061,CATCH22,5,0.939253702662333,53.47869801521301,22
E061,CNN,5,0.9488728733932926,23.50075626373291,1000
E062,PATX,1,0.9367314361998887,68.0493471622467,5
E062,TSFRESH,1,0.861766180453316,5.856745004653931,10
E062,CATCH22,1,0.9277776108561137,54.9711229801178,22
E062,CNN,1,0.936471774823068,40.36670899391174,1000
E062,PATX,2,0.9409445546725518,253.48979210853577,4
E062,TSFRESH,2,0.8777819334363701,6.27347993850708,10
E062,CATCH22,2,0.9332839959398332,127.68123698234558,22
E062,CNN,2,0.9453695942544632,102.57939267158508,1000
E062,PATX,3,0.9429193766865784,407.4279489517212,15
E062,TSFRESH,3,0.877542025202743,6.301922082901001,10
E062,CATCH22,3,0.936310553250786,121.97215795516968,22
E062,CNN,3,0.9371335799613554,38.22468614578247,1000
E062,PATX,4,0.9342756068145728,399.93348002433777,15
E062,TSFRESH,4,0.8685684551913901,19.768372058868408,10
E062,CATCH22,4,0.9244958095635556,154.93326091766355,22
E062,CNN,4,0.9336235220886516,52.0392701625824,1000
E062,PATX,5,0.9402086199558852,465.1533119678498,15
E062,TSFRESH,5,0.8726240537771693,20.55463719367981,10
E062,CATCH22,5,0.9314914629215046,146.11734795570374,22
E062,CNN,5,0.9418201902525344,85.50670313835144,1000
E065,PATX,1,0.865105693815788,1306.8840029239657,15
E065,TSFRESH,1,0.8085335362315255,39.91876029968262,10
E065,CATCH22,1,0.842804861308717,180.69677710533145,22
E065,CNN,1,0.8714293246801142,109.03072905540466,1000
E065,PATX,2,0.8710808602743796,1189.1907801628113,15
E065,TSFRESH,2,0.813991100406606,19.527005910873413,10
E065,CATCH22,2,0.8456222936641827,136.85377407073975,22
E065,CNN,2,0.8757237035229374,83.74426603317261,1000
E065,PATX,3,0.8763931771748831,595.4531970024109,9
E065,TSFRESH,3,0.8223844992166143,18.25476098060608,10
E065,CATCH22,3,0.8505919897764903,143.8292100429535,22
E065,CNN,3,0.8740343251505173,92.28036904335022,1000
E065,PATX,4,0.865663915090169,160.60373401641846,5
E065,TSFRESH,4,0.8039600479109122,5.6408960819244385,10
E065,CATCH22,4,0.8474254368746618,53.20249605178833,22
E065,CNN,4,0.8707873116248801,41.7774658203125,1000
E065,PATX,5,0.8667211028469504,103.23632884025574,15
E065,TSFRESH,5,0.8113472468319736,5.8430540561676025,10
E065,CATCH22,5,0.8523270509206697,55.81681513786316,22
E065,CNN,5,0.8580197137370158,8.308781147003174,1000
E066,PATX,1,0.9109794491938566,510.5382149219513,7
E066,TSFRESH,1,0.844351341431587,20.657606840133667,10
E066,CATCH22,1,0.8954208281710353,140.4447979927063,22
E066,CNN,1,0.9027208034862672,50.26081681251526,1000
E066,PATX,2,0.9253154248955856,642.7872798442841,15
E066,TSFRESH,2,0.860696977833239,20.53671598434448,10
E066,CATCH22,2,0.9068510325635736,149.0218780040741,22
E066,CNN,2,0.9238313238311175,71.4022901058197,1000
E066,PATX,3,0.913254458343796,350.9194848537445,15
E066,TSFRESH,3,0.8548323825422257,35.66636896133423,10
E066,CATCH22,3,0.8996941906840156,147.78482270240784,22
E066,CNN,3,0.9098003987074428,64.71816897392273,1000
E066,PATX,4,0.9111674924932888,580.848680973053,15
E066,TSFRESH,4,0.8502019178511768,5.756351947784424,10
E066,CATCH22,4,0.8946575914156472,52.32460117340088,22
E066,CNN,4,0.9091906073863442,17.81532597541809,1000
E066,PATX,5,0.9272391336896,107.67027878761292,6
E066,TSFRESH,5,0.8617687956606672,5.584495782852173,10
E066,CATCH22,5,0.9064736613768964,52.49350810050965,22
E066,CNN,5,0.9226048375402744,15.194824934005736,1000
E070,PATX,1,0.920576168417282,98.9138433933258,15
E070,TSFRESH,1,0.8645218607484493,5.818784952163696,10
E070,CATCH22,1,0.9104390648537796,51.48769998550415,22
E070,CNN,1,0.9150025067706372,15.959535121917725,1000
E070,PATX,2,0.9190140243162026,95.00068712234496,15
E070,TSFRESH,2,0.8647733957684196,5.95382285118103,10
E070,CATCH22,2,0.9126739924148914,53.6248881816864,22
E070,CNN,2,0.917919848250674,14.561198234558104,1000
E070,PATX,3,0.918320972459478,85.80183911323547,6
E070,TSFRESH,3,0.8579019700769004,5.713972806930542,10
E070,CATCH22,3,0.912087926662352,50.69438195228577,22
E070,CNN,3,0.9156205311933756,19.91699481010437,1000
E070,PATX,4,0.9216023217458243,116.50465083122252,15
E070,TSFRESH,4,0.8595150140113482,5.5325281620025635,10
E070,CATCH22,4,0.9071316406540124,51.14882683753967,22
E070,CNN,4,0.9204232641430912,38.92792797088623,1000
E070,PATX,5,0.9160440546967196,90.3554699420929,15
E070,TSFRESH,5,0.8589249694367521,5.630607843399048,10
E070,CATCH22,5,0.9075594377069726,50.829978942871094,22
E070,CNN,5,0.90826059457159,11.426618099212646,1000
E071,PATX,1,0.8609745299142278,108.66737484931946,6
E071,TSFRESH,1,0.8057009737817123,5.719022035598755,10
E071,CATCH22,1,0.8459274256025234,52.77146816253662,22
E071,CNN,1,0.8431848535674793,13.991409063339232,1000
E071,PATX,2,0.8641988243907097,116.72168493270874,15
E071,TSFRESH,2,0.7921161261952676,5.7863450050354,10
E071,CATCH22,2,0.847071616439196,52.03955602645874,22
E071,CNN,2,0.8449721246674,10.085176944732666,1000
E071,PATX,3,0.8738451100571654,84.74446177482605,8
E071,TSFRESH,3,0.8146842996271108,5.868680238723755,10
E071,CATCH22,3,0.8572406014328474,52.14842391014099,22
E071,CNN,3,0.8674984467857602,22.083175897598267,1000
E071,PATX,4,0.8718999081628924,119.71900415420532,11
E071,TSFRESH,4,0.8086911620636116,5.877098083496094,10
E071,CATCH22,4,0.8611069849252747,54.47467422485352,22
E071,CNN,4,0.8756036020423441,26.827139854431152,1000
E071,PATX,5,0.866409428452527,60.228678941726685,15
E071,TSFRESH,5,0.800286121514994,5.809609889984131,10
E071,CATCH22,5,0.8550241028198353,52.11652612686157,22
E071,CNN,5,0.8591981818846294,8.423866748809814,1000
E079,PATX,1,0.8973919275504991,76.67481017112732,15
E079,TSFRESH,1,0.8399773065088255,5.93121600151062,10
E079,CATCH22,1,0.8863281141838445,52.51827883720398,22
E079,CNN,1,0.8984221778799731,28.37753319740295,1000
E079,PATX,2,0.8927175472536697,131.80860090255737,15
E079,TSFRESH,2,0.8369166310046319,5.779766082763672,10
E079,CATCH22,2,0.884831669301531,52.912684202194214,22
E079,CNN,2,0.893371547708729,33.55064296722412,1000
E079,PATX,3,0.8983662956636145,79.35113286972046,10
E079,TSFRESH,3,0.8476360197160948,5.780345916748047,10
E079,CATCH22,3,0.8933786211701626,52.45738697052002,22
E079,CNN,3,0.8721925726297126,10.451317071914673,1000
E079,PATX,4,0.8945588576831349,64.34799695014954,15
E079,TSFRESH,4,0.8356102510960918,5.891046762466431,10
E079,CATCH22,4,0.8846661797767379,52.414873123168945,22
E079,CNN,4,0.893267950971481,12.53868007659912,1000
E079,PATX,5,0.8920716518065032,140.01618099212646,15
E079,TSFRESH,5,0.8397268582867371,5.741338014602661,10
E079,CATCH22,5,0.8830591777572647,52.54461884498596,22
E079,CNN,5,0.8960326428456064,32.163761138916016,1000
E082,PATX,1,0.9323510680728146,137.82776713371277,15
E082,TSFRESH,1,0.8711587643005225,5.866753816604614,10
E082,CATCH22,1,0.912709444957974,50.84615778923035,22
E082,CNN,1,0.9283970866081892,25.18925094604492,1000
E082,PATX,2,0.933147979171014,95.14408612251282,15
E082,TSFRESH,2,0.8703421256458954,5.982362985610962,10
E082,CATCH22,2,0.9174832093709216,51.13491106033325,22
E082,CNN,2,0.9288828292902608,26.921761989593502,1000
E082,PATX,3,0.9276617730102648,60.6450309753418,15
E082,TSFRESH,3,0.872154994865846,5.777971029281616,10
E082,CATCH22,3,0.9121921128547194,51.084205865859985,22
E082,CNN,3,0.9277879164058328,29.325810194015503,1000
E082,PATX,4,0.919578132865542,96.50657629966736,5
E082,TSFRESH,4,0.8497750049808958,5.824528694152832,10
E082,CATCH22,4,0.9054126421618384,50.7042191028595,22
E082,CNN,4,0.9145615750712356,24.6052930355072,1000
E082,PATX,5,0.9260944118475763,213.08123683929443,15
E082,TSFRESH,5,0.8649433062066088,5.736507177352905,10
E082,CATCH22,5,0.9112896570668004,51.165838956832886,22
E082,CNN,5,0.9332433235365892,65.05975127220154,1000
E084,PATX,1,0.9138902193527404,73.66380715370178,15
E084,TSFRESH,1,0.8462906275056661,5.8893420696258545,10
E084,CATCH22,1,0.896438559375705,51.52170777320862,22
E084,CNN,1,0.9176815994787332,24.21139407157898,1000
E084,PATX,2,0.9144432419560008,94.47477698326112,4
E084,TSFRESH,2,0.8594968882664241,5.715075969696045,10
E084,CATCH22,2,0.899574236567202,50.98913097381592,22
E084,CNN,2,0.9181600512118608,25.254523992538452,1000
E084,PATX,3,0.9174972089300092,122.62269687652588,15
E084,TSFRESH,3,0.8516521248088692,5.890872001647949,10
E084,CATCH22,3,0.8982895191343027,51.361838817596436,22
E084,CNN,3,0.9171464831339208,25.333320140838623,1000
E084,PATX,4,0.914813567134812,68.66174006462097,15
E084,TSFRESH,4,0.8583571767929161,5.841844081878662,10
E084,CATCH22,4,0.9001959643544699,51.20711398124695,22
E084,CNN,4,0.9157449062235852,29.77642703056335,1000
E084,PATX,5,0.913549775358654,90.4735631942749,15
E084,TSFRESH,5,0.8592092341681197,6.049347162246704,10
E084,CATCH22,5,0.9013953581588252,52.03443384170532,22
E084,CNN,5,0.9127180541850723,22.781764030456543,1000
E085,PATX,1,0.9204128306595428,92.72751784324646,5
E085,TSFRESH,1,0.8647637007829019,6.783752202987671,10
E085,CATCH22,1,0.9084919727371756,53.15099501609802,22
E085,CNN,1,0.9084741513948072,9.484403848648071,1000
E085,PATX,2,0.92424322804486,98.8734188079834,4
E085,TSFRESH,2,0.8717043564270058,6.258433818817139,10
E085,CATCH22,2,0.9069975396143314,55.02591586112976,22
E085,CNN,2,0.9294821577829884,24.73826503753662,1000
E085,PATX,3,0.92810651689791,84.69670915603638,15
E085,TSFRESH,3,0.8752077829296157,6.106196880340576,10
E085,CATCH22,3,0.9095481119163068,182.19285464286804,22
E085,CNN,3,0.9299590269746452,135.06016302108765,1000
E085,PATX,4,0.9144022748251972,528.3615939617157,15
E085,TSFRESH,4,0.8580223662850535,23.770203113555908,10
E085,CATCH22,4,0.897196521979013,156.95642805099487,22
E085,CNN,4,0.9083805486884032,74.62134194374084,1000
E085,PATX,5,0.9217097499413492,330.81141996383667,15
E085,TSFRESH,5,0.8631759723946377,19.589083909988403,10
E085,CATCH22,5,0.9071437244839616,147.53257513046265,22
E085,CNN,5,0.9178934701340774,58.19372224807739,1000
E087,PATX,1,0.8906849168995224,329.7051570415497,5
E087,TSFRESH,1,0.8328197546487193,20.307576894760132,10
E087,CATCH22,1,0.88266987863224,145.47307801246643,22
E087,CNN,1,0.8943234164190826,86.35034608840942,1000
E087,PATX,2,0.9086587715047963,497.02658200263977,15
E087,TSFRESH,2,0.853128709883158,22.73550486564636,10
E087,CATCH22,2,0.8950233483172826,145.97737908363342,22
E087,CNN,2,0.908111904517702,80.17818593978882,1000
E087,PATX,3,0.8957245051818998,316.25184512138367,6
E087,TSFRESH,3,0.8407332055394635,20.571656942367554,10
E087,CATCH22,3,0.8805551724097279,132.63317584991455,22
E087,CNN,3,0.8957547147567732,131.0246148109436,1000
E087,PATX,4,0.8941511021042368,399.9842441082001,15
E087,TSFRESH,4,0.8421014782355486,22.198055028915405,10
E087,CATCH22,4,0.8803189482705975,145.2617149353027,22
E087,CNN,4,0.895968834328923,97.73061513900755,1000
E087,PATX,5,0.8947604513339958,548.3731682300568,15
E087,TSFRESH,5,0.8383796586111731,22.093491077423096,10
E087,CATCH22,5,0.8848064700951734,143.10374116897583,22
E087,CNN,5,0.8944418508419185,65.61632990837097,1000
E094,PATX,1,0.8845012056653605,121.12720203399658,15
E094,TSFRESH,1,0.8263974436241717,6.025578022003174,10
E094,CATCH22,1,0.8701520793824449,53.3742470741272,22
E094,CNN,1,0.885224369227579,40.61833214759827,1000
E094,PATX,2,0.8935333531390255,156.1386570930481,7
E094,TSFRESH,2,0.8287537091463393,6.62331485748291,10
E094,CATCH22,2,0.8729646114724471,128.87726378440857,22
E094,CNN,2,0.8962735826256925,63.764960050582886,1000
E094,PATX,3,0.880491953348164,158.96018505096436,15
E094,TSFRESH,3,0.8326930377098019,6.314388990402222,10
E094,CATCH22,3,0.8713835454782309,57.23194193840027,22
E094,CNN,3,0.8866943474790772,30.256704092025757,1000
E094,PATX,4,0.8946558230502887,630.6394629478455,15
E094,TSFRESH,4,0.8275345685954818,25.897803783416748,10
E094,CATCH22,4,0.8716098962441099,111.99091815948486,22
E094,CNN,4,0.8942498358367493,34.80234503746033,1000
E094,PATX,5,0.8811540588111162,170.75573205947876,5
E094,TSFRESH,5,0.824702678837736,6.778293132781982,10
E094,CATCH22,5,0.8629124859562316,148.70508575439453,22
E094,CNN,5,0.8900745778617161,39.168012857437134,1000
E095,PATX,1,0.9327852607777882,112.89100480079651,15
E095,TSFRESH,1,0.8756406109804213,5.633968114852905,10
E095,CATCH22,1,0.9181931161898501,51.254918813705444,22
E095,CNN,1,0.9363434906147805,27.28436517715454,1000
E095,PATX,2,0.92861077471225,62.09713101387024,15
E095,TSFRESH,2,0.8830612063850978,5.6036388874053955,10
E095,CATCH22,2,0.9168000063661172,51.61515498161316,22
E095,CNN,2,0.926103526622601,18.03261709213257,1000
E095,PATX,3,0.9344490346638027,132.6790931224823,6
E095,TSFRESH,3,0.8874800579906118,5.724100112915039,10
E095,CATCH22,3,0.9205412791120917,51.44286108016968,22
E095,CNN,3,0.9349229567195396,24.90299701690674,1000
E095,PATX,4,0.9288262206219167,81.18868088722229,13
E095,TSFRESH,4,0.8809883868465409,5.747352838516235,10
E095,CATCH22,4,0.9151583733745402,51.20186495780945,22
E095,CNN,4,0.923893216636904,11.593899011611938,1000
E095,PATX,5,0.9208618187519821,71.81603503227234,15
E095,TSFRESH,5,0.8800557565597512,5.794865846633911,10
E095,CATCH22,5,0.9112315957375323,51.19331884384155,22
E095,CNN,5,0.9243104259284802,48.50900888442993,1000
E096,PATX,1,0.90349860934616,189.0417878627777,6
E096,TSFRESH,1,0.8354948706936419,5.887408018112183,10
E096,CATCH22,1,0.8915515349036145,53.317898988723755,22
E096,CNN,1,0.8938700768173499,15.088454246520996,1000
E096,PATX,2,0.8988696903356477,170.81082105636597,7
E096,TSFRESH,2,0.8338650218511013,5.763797044754028,10
E096,CATCH22,2,0.8848515634118135,54.408138036727905,22
E096,CNN,2,0.8982448679090023,28.79323410987854,1000
E096,PATX,3,0.8928240912665151,100.7614119052887,15
E096,TSFRESH,3,0.8186417539354971,5.755367040634155,10
E096,CATCH22,3,0.8758967086005038,52.39798712730408,22
E096,CNN,3,0.8892039526502493,12.836611986160278,1000
E096,PATX,4,0.8866160973119668,95.94500923156738,8
E096,TSFRESH,4,0.8178440737950653,5.762333869934082,10
E096,CATCH22,4,0.873260960033764,52.58958578109741,22
E096,CNN,4,0.8906081821086224,27.996000051498413,1000
E096,PATX,5,0.9015605529560585,104.12722873687744,8
E096,TSFRESH,5,0.8405851049406949,5.7587409019470215,10
E096,CATCH22,5,0.8918844998060693,52.613909006118774,22
E096,CNN,5,0.8964020838417384,15.590709209442139,1000
E097,PATX,1,0.9356945580984597,87.18954586982727,15
E097,TSFRESH,1,0.8891706919335007,5.721857070922852,10
E097,CATCH22,1,0.9212906422340481,51.44811797142029,22
E097,CNN,1,0.9383679067375279,20.99725604057312,1000
E097,PATX,2,0.9314740537989952,175.6832492351532,15
E097,TSFRESH,2,0.8877522389722494,5.806277751922607,10
E097,CATCH22,2,0.9258594921312139,51.39175510406494,22
E097,CNN,2,0.9294765371741454,8.879923105239868,1000
E097,PATX,3,0.9281393790208208,76.18568801879883,15
E097,TSFRESH,3,0.8824001669336898,5.814709901809692,10
E097,CATCH22,3,0.9169488683051161,52.295989990234375,22
E097,CNN,3,0.9207437803643068,19.929193019866943,1000
E097,PATX,4,0.9342057563829148,134.33563208580017,15
E097,TSFRESH,4,0.8809371393271488,5.761516094207764,10
E097,CATCH22,4,0.9184335583872979,51.6621470451355,22
E097,CNN,4,0.9355551665151767,34.611504793167114,1000
E097,PATX,5,0.933112759227625,126.4254400730133,15
E097,TSFRESH,5,0.8787462820118339,5.79348611831665,10
E097,CATCH22,5,0.9230940852894401,51.33117699623108,22
E097,CNN,5,0.9281354001987642,10.111950874328613,1000
E098,PATX,1,0.8999931071171666,117.64031791687012,15
E098,TSFRESH,1,0.8651998081775513,5.694717884063721,10
E098,CATCH22,1,0.8889288518990481,51.71979117393494,22
E098,CNN,1,0.9038216027661081,13.52350401878357,1000
E098,PATX,2,0.8882528668149736,104.2429449558258,9
E098,TSFRESH,2,0.8435958943272018,5.761385917663574,10
E098,CATCH22,2,0.8771815733971831,51.72571086883545,22
E098,CNN,2,0.8878334694974658,23.516464233398438,1000
E098,PATX,3,0.8972139109050375,102.06467509269714,15
E098,TSFRESH,3,0.8508181931785896,5.768739938735962,10
E098,CATCH22,3,0.8832902441640996,51.72582292556763,22
E098,CNN,3,0.8945545841335186,13.34781789779663,1000
E098,PATX,4,0.8977569464338554,63.405306816101074,15
E098,TSFRESH,4,0.8527769525406104,5.768213987350464,10
E098,CATCH22,4,0.8884628602012871,54.91555213928223,22
E098,CNN,4,0.9056544661246037,29.503212928771973,1000
E098,PATX,5,0.8974507244992873,120.33888912200928,15
E098,TSFRESH,5,0.8494446153864291,5.77423095703125,10
E098,CATCH22,5,0.8843023386042411,54.754287004470825,22
E098,CNN,5,0.9046137831111677,38.55133605003357,1000
E100,PATX,1,0.9376814168467946,155.39250707626343,5
E100,TSFRESH,1,0.8932030283910185,5.725322961807251,10
E100,CATCH22,1,0.9286112372842512,50.852452754974365,22
E100,CNN,1,0.9466816365942561,31.026135683059692,1000
E100,PATX,2,0.9434289606373658,85.25094079971313,10
E100,TSFRESH,2,0.8948938155547773,5.766098976135254,10
E100,CATCH22,2,0.928496294095664,50.738577127456665,22
E100,CNN,2,0.9395755451575672,14.18650484085083,1000
E100,PATX,3,0.9450729509655864,69.08900499343872,15
E100,TSFRESH,3,0.8913895048694888,5.779888868331909,10
E100,CATCH22,3,0.9265726073132518,50.9620258808136,22
E100,CNN,3,0.9345774078357447,11.45567274093628,1000
E100,PATX,4,0.938282722716775,68.20358514785767,15
E100,TSFRESH,4,0.8923716844623166,5.776288270950317,10
E100,CATCH22,4,0.9261405367106754,53.89670205116272,22
E100,CNN,4,0.9397528237847498,10.087772369384766,1000
E100,PATX,5,0.9404516228288893,158.74751019477844,15
E100,TSFRESH,5,0.8880310843262704,5.728446006774902,10
E100,CATCH22,5,0.9261546836335428,50.93287897109985,22
E100,CNN,5,0.9405409252794901,28.742822885513306,1000
E104,PATX,1,0.9032910864420529,122.4914481639862,15
E104,TSFRESH,1,0.8418492838766044,5.74310302734375,10
E104,CATCH22,1,0.8880103899898846,50.812994956970215,22
E104,CNN,1,0.8942513946305032,16.21982192993164,1000
E104,PATX,2,0.904244194751256,74.57201790809631,6
E104,TSFRESH,2,0.8455139812859789,5.759548902511597,10
E104,CATCH22,2,0.8886878846931474,51.67098116874695,22
E104,CNN,2,0.9033532333381668,21.425647258758545,1000
E104,PATX,3,0.9045969836402626,75.12595105171204,15
E104,TSFRESH,3,0.8566630827795404,5.823799133300781,10
E104,CATCH22,3,0.889031831755362,53.91059398651123,22
E104,CNN,3,0.9035448062519967,11.58341121673584,1000
E104,PATX,4,0.9074350626767628,94.70756673812866,15
E104,TSFRESH,4,0.8517717841981228,5.796317100524902,10
E104,CATCH22,4,0.8923952626670958,54.0734748840332,22
E104,CNN,4,0.9041295457305175,21.35349702835083,1000
E104,PATX,5,0.8993387492469711,94.28974604606628,5
E104,TSFRESH,5,0.8497050071854579,5.789425373077393,10
E104,CATCH22,5,0.8901579857611222,54.30574893951416,22
E104,CNN,5,0.8906999897434809,11.991136074066162,1000
E105,PATX,1,0.9139793260645822,90.54993033409119,15
E105,TSFRESH,1,0.8569726812077036,5.702960014343262,10
E105,CATCH22,1,0.9042687564473492,51.99311709403992,22
E105,CNN,1,0.9214532435726813,24.637304067611694,1000
E105,PATX,2,0.9225103773573784,111.4860680103302,15
E105,TSFRESH,2,0.8578755919603037,5.896528005599976,10
E105,CATCH22,2,0.9164703781118809,54.585307121276855,22
E105,CNN,2,0.9188022625645306,25.321725845336914,1000
E105,PATX,3,0.9184877882582898,88.84679913520813,6
E105,TSFRESH,3,0.8566934397181933,5.756847143173218,10
E105,CATCH22,3,0.903613183045856,51.53417611122131,22
E105,CNN,3,0.908761778786925,10.720823049545288,1000
E105,PATX,4,0.9202953523821651,94.89869809150696,15
E105,TSFRESH,4,0.8544256585097867,5.734795093536377,10
E105,CATCH22,4,0.9092557421770464,52.39090371131897,22
E105,CNN,4,0.9260774650128915,32.98823285102844,1000
E105,PATX,5,0.9183041729885728,93.0625867843628,15
E105,TSFRESH,5,0.858760511458418,5.804993152618408,10
E105,CATCH22,5,0.9113581812244398,56.037177085876465,22
E105,CNN,5,0.9230896643760441,31.48585820198059,1000
E106,PATX,1,0.9048221017636943,86.08358788490295,15
E106,TSFRESH,1,0.826470643683321,5.735719203948975,10
E106,CATCH22,1,0.8862029229358025,53.509318828582764,22
E106,CNN,1,0.8991482871186159,10.832064151763916,1000
E106,PATX,2,0.9070925892523469,138.28109788894653,15
E106,TSFRESH,2,0.827805570586661,5.776168346405029,10
E106,CATCH22,2,0.8912847292220019,53.02638387680054,22
E106,CNN,2,0.9088257346673881,30.482650995254517,1000
E106,PATX,3,0.9067316953554474,101.65678286552429,6
E106,TSFRESH,3,0.8273830786297762,5.7916789054870605,10
E106,CATCH22,3,0.8915697307722686,53.178081035614014,22
E106,CNN,3,0.9031046306415275,10.134898900985718,1000
E106,PATX,4,0.9088587441540787,84.03268480300903,7
E106,TSFRESH,4,0.8234676229986525,5.817007064819336,10
E106,CATCH22,4,0.8823111592106488,53.12865686416626,22
E106,CNN,4,0.9130110133794522,32.05096507072449,1000
E106,PATX,5,0.9053569386530479,42.707780838012695,15
E106,TSFRESH,5,0.8263631739093017,5.885852813720703,10
E106,CATCH22,5,0.8979163940436738,53.17224884033203,22
E106,CNN,5,0.9106011734872519,26.567662954330444,1000
E109,PATX,1,0.8882385326289632,141.48655104637146,15
E109,TSFRESH,1,0.7772701886352269,5.680871248245239,10
E109,CATCH22,1,0.8712232746142194,53.26227784156799,22
E109,CNN,1,0.8733890832053438,9.45212197303772,1000
E109,PATX,2,0.8794325551346847,116.08837366104126,15
E109,TSFRESH,2,0.7857704944703215,5.7765421867370605,10
E109,CATCH22,2,0.8635076882631233,52.01154112815857,22
E109,CNN,2,0.8841358175329888,21.828315019607544,1000
E109,PATX,3,0.8900673570365026,88.41653418540955,15
E109,TSFRESH,3,0.7762675937616786,5.82394003868103,10
E109,CATCH22,3,0.8797489451700636,53.06233501434326,22
E109,CNN,3,0.8894683232713344,19.066860914230347,1000
E109,PATX,4,0.8775732663240752,47.772377252578735,15
E109,TSFRESH,4,0.7607447352816004,5.740145921707153,10
E109,CATCH22,4,0.8704049026161197,52.52646231651306,22
E109,CNN,4,0.8780096104762678,23.898140907287598,1000
E109,PATX,5,0.8945343952956765,112.3424289226532,5
E109,TSFRESH,5,0.7856371302495399,5.766723155975342,10
E109,CATCH22,5,0.8799866429469926,53.31845998764038,22
E109,CNN,5,0.8906892321875506,13.485591888427734,1000
E112,PATX,1,0.8922387612134537,63.470372915267944,15
E112,TSFRESH,1,0.847794542604202,5.734514951705933,10
E112,CATCH22,1,0.8821554162446984,50.90726399421692,22
E112,CNN,1,0.8958626796347126,18.26294207572937,1000
E112,PATX,2,0.8955217326208,103.95142197608948,15
E112,TSFRESH,2,0.8519926825041468,5.804096937179565,10
E112,CATCH22,2,0.8827610608305894,51.18964505195618,22
E112,CNN,2,0.8791780578868506,10.07865309715271,1000
E112,PATX,3,0.888183753202215,115.69509601593018,8
E112,TSFRESH,3,0.8440189757392064,5.8708391189575195,10
E112,CATCH22,3,0.8753059272070084,50.96941876411438,22
E112,CNN,3,0.8876255392040705,15.554237842559814,1000
E112,PATX,4,0.8845754036883386,99.37292218208313,6
E112,TSFRESH,4,0.8412691676068474,5.781965732574463,10
E112,CATCH22,4,0.8746255486353525,51.08273720741272,22
E112,CNN,4,0.8833555263185817,25.784435987472534,1000
E112,PATX,5,0.8833905988981905,107.66136598587036,15
E112,TSFRESH,5,0.8427626995158215,5.806509971618652,10
E112,CATCH22,5,0.8750309463937725,54.339898109436035,22
E112,CNN,5,0.8859775700537936,26.527332067489624,1000
E113,PATX,1,0.9092912820349675,124.75690603256226,15
E113,TSFRESH,1,0.8457618785874657,5.76460599899292,10
E113,CATCH22,1,0.8855501610401301,53.173619985580444,22
E113,CNN,1,0.9126537716735507,42.59738802909851,1000
E113,PATX,2,0.9150253288864839,103.06385517120361,15
E113,TSFRESH,2,0.8427635836985008,5.805898904800415,10
E113,CATCH22,2,0.8918491324989006,52.613370180130005,22
E113,CNN,2,0.9090503170679087,14.078651189804077,1000
E113,PATX,3,0.9078073035847125,134.97116017341614,15
E113,TSFRESH,3,0.8357527518712253,5.835132837295532,10
E113,CATCH22,3,0.8886855268726694,56.327674865722656,22
E113,CNN,3,0.9177991573149612,43.245858669281006,1000
E113,PATX,4,0.9110580012048464,78.82694792747498,4
E113,TSFRESH,4,0.8380454375584296,5.801703929901123,10
E113,CATCH22,4,0.8896725694702332,52.98083806037903,22
E113,CNN,4,0.9174758411819282,66.43138098716736,1000
E113,PATX,5,0.9082250799006414,114.22676992416382,15
E113,TSFRESH,5,0.8320776465650681,5.75899600982666,10
E113,CATCH22,5,0.875697178042561,52.69360613822937,22
E113,CNN,5,0.9104306735939433,42.1832971572876,1000
E114,PATX,1,0.952565330684581,157.7679159641266,15
E114,TSFRESH,1,0.9081860642404898,5.769611120223999,10
E114,CATCH22,1,0.936539672664653,51.364482164382935,22
E114,CNN,1,0.9476638723980104,18.366146087646484,1000
E114,PATX,2,0.9494948959081204,104.25294613838196,15
E114,TSFRESH,2,0.9054677562155096,5.791714668273926,10
E114,CATCH22,2,0.9402044937700488,51.46181797981262,22
E114,CNN,2,0.951445108170909,28.03889775276184,1000
E114,PATX,3,0.9489204718941904,105.55672812461853,15
E114,TSFRESH,3,0.9001399661181199,5.756009101867676,10
E114,CATCH22,3,0.9373375314326942,51.79102420806885,22
E114,CNN,3,0.9448995037966804,14.504007816314697,1000
E114,PATX,4,0.947942123759639,75.81625080108643,4
E114,TSFRESH,4,0.9016889068083245,5.8819639682769775,10
E114,CATCH22,4,0.9368465153181701,51.179413080215454,22
E114,CNN,4,0.9507507300401654,18.379845142364502,1000
E114,PATX,5,0.9514256561519664,138.3183879852295,15
E114,TSFRESH,5,0.9080077183253343,5.791736125946045,10
E114,CATCH22,5,0.9390817291312257,51.70423483848572,22
E114,CNN,5,0.9477456878410734,10.781669855117798,1000
E116,PATX,1,0.9574896179634418,104.90408992767334,15
E116,TSFRESH,1,0.9212473407906075,5.743086099624634,10
E116,CATCH22,1,0.9498460294932907,51.88040089607239,22
E116,CNN,1,0.9571427645644552,14.302037000656128,1000
E116,PATX,2,0.9502007537364835,81.6337308883667,15
E116,TSFRESH,2,0.9138956127726711,5.800528287887573,10
E116,CATCH22,2,0.9443484942217172,53.08234095573425,22
E116,CNN,2,0.9496363502932393,17.843124866485596,1000
E116,PATX,3,0.9608199497548456,132.11538672447205,15
E116,TSFRESH,3,0.925637584129982,5.844364166259766,10
E116,CATCH22,3,0.9529405558090213,52.980533838272095,22
E116,CNN,3,0.9591307187462054,14.773569822311401,1000
E116,PATX,4,0.95665898606646,132.33015990257263,15
E116,TSFRESH,4,0.9209580473002366,5.97185206413269,10
E116,CATCH22,4,0.9469745331810181,53.33704710006714,22
E116,CNN,4,0.9557095212327629,24.058797121047974,1000
E116,PATX,5,0.9521285813819421,62.06280326843262,3
E116,TSFRESH,5,0.9177132442312974,5.801430940628052,10
E116,CATCH22,5,0.9464820434286954,51.91051125526428,22
E116,CNN,5,0.9528161807788117,19.542272806167603,1000
E117,PATX,1,0.9579494380533086,104.27220892906189,15
E117,TSFRESH,1,0.9159442395235546,5.715686798095703,10
E117,CATCH22,1,0.9462106229339762,51.72402286529541,22
E117,CNN,1,0.9578461920946293,9.387600183486938,1000
E117,PATX,2,0.9659050317067909,156.1503622531891,4
E117,TSFRESH,2,0.927470936915334,5.806879997253418,10
E117,CATCH22,2,0.9540219112257012,51.36729907989502,22
E117,CNN,2,0.9615647262983043,12.953295946121216,1000
E117,PATX,3,0.9581875905550427,75.09190797805786,15
E117,TSFRESH,3,0.9257012452828854,5.902083158493042,10
E117,CATCH22,3,0.9476919000614212,51.316899061203,22
E117,CNN,3,0.9569655027285878,15.076448917388916,1000
E117,PATX,4,0.9637152059379351,106.46688222885132,15
E117,TSFRESH,4,0.9267952739846341,5.760535955429077,10
E117,CATCH22,4,0.9547229207265389,51.4453330039978,22
E117,CNN,4,0.9644343411836966,41.554033041000366,1000
E117,PATX,5,0.964527475092574,130.94446110725403,15
E117,TSFRESH,5,0.9225231980062271,5.775989055633545,10
E117,CATCH22,5,0.9521100135456787,52.192967891693115,22
E117,CNN,5,0.96159228332514,17.328334093093872,1000
E118,PATX,1,0.9530320731140454,119.40710091590881,15
E118,TSFRESH,1,0.9063641633719276,5.742033958435059,10
E118,CATCH22,1,0.9453494544312694,52.37494778633118,22
E118,CNN,1,0.9495535238243364,8.547749757766724,1000
E118,PATX,2,0.949075336217931,141.59490299224854,15
E118,TSFRESH,2,0.9030045420477618,5.736829042434692,10
E118,CATCH22,2,0.9407352806381915,51.84291100502014,22
E118,CNN,2,0.9449447282507943,27.618921995162964,1000
E118,PATX,3,0.9523170596563948,157.57607102394104,15
E118,TSFRESH,3,0.8974433563102939,5.798260927200317,10
E118,CATCH22,3,0.9418198955249746,50.84639096260071,22
E118,CNN,3,0.9467030890984993,12.986526012420654,1000
E118,PATX,4,0.9487644136513089,177.1923840045929,15
E118,TSFRESH,4,0.892211352669819,5.778739929199219,10
E118,CATCH22,4,0.9357228664966676,51.15726399421692,22
E118,CNN,4,0.9479101458194076,59.750417947769165,1000
E118,PATX,5,0.9509941750045092,140.5201699733734,15
E118,TSFRESH,5,0.9031909858165309,5.778717279434204,10
E118,CATCH22,5,0.9367417396706833,52.4037868976593,22
E118,CNN,5,0.9493802468873823,18.591402053833008,1000
E119,PATX,1,0.9417625042491382,65.54898595809937,15
E119,TSFRESH,1,0.8990463667143277,5.641817808151245,10
E119,CATCH22,1,0.9324085087630929,50.51293992996216,22
E119,CNN,1,0.9368246668587248,17.523607969284058,1000
E119,PATX,2,0.947477175554228,69.19900321960449,15
E119,TSFRESH,2,0.9080440900770211,5.815990924835205,10
E119,CATCH22,2,0.937545148591364,50.57096886634827,22
E119,CNN,2,0.9442614022021459,22.341068983078003,1000
E119,PATX,3,0.9468071279270869,182.6810519695282,15
E119,TSFRESH,3,0.9054443253745101,5.77816104888916,10
E119,CATCH22,3,0.9320613186582587,50.506667137145996,22
E119,CNN,3,0.9425596616999179,20.03561282157898,1000
E119,PATX,4,0.945680531829987,140.72194814682007,15
E119,TSFRESH,4,0.9015573109529015,5.759721994400024,10
E119,CATCH22,4,0.926335793719002,50.49645686149597,22
E119,CNN,4,0.9448837358722343,23.20865511894226,1000
E119,PATX,5,0.9501802848482919,111.55037498474121,15
E119,TSFRESH,5,0.910340781688223,5.769224166870117,10
E119,CATCH22,5,0.9342756068145729,50.41113901138306,22
E119,CNN,5,0.9477381722883003,24.914571046829224,1000
E120,PATX,1,0.9411554003380458,114.0151731967926,15
E120,TSFRESH,1,0.8923925255228133,5.707602024078369,10
E120,CATCH22,1,0.9270213084341197,51.0096697807312,22
E120,CNN,1,0.9371511950903824,11.8460111618042,1000
E120,PATX,2,0.9466783162681114,134.48184084892273,4
E120,TSFRESH,2,0.9014003394673035,5.775245904922485,10
E120,CATCH22,2,0.9438669092471682,51.10975217819214,22
E120,CNN,2,0.9441541213387826,21.51894998550415,1000
E120,PATX,3,0.9419684382150828,71.71548223495483,15
E120,TSFRESH,3,0.8947227262063495,5.886844873428345,10
E120,CATCH22,3,0.9309596270399568,51.011298179626465,22
E120,CNN,3,0.943256692378699,30.642044067382812,1000
E120,PATX,4,0.9494968116372587,170.38251781463623,15
E120,TSFRESH,4,0.9014041999856173,5.7666099071502686,10
E120,CATCH22,4,0.9380529825839591,51.136377811431885,22
E120,CNN,4,0.9445602723754216,22.434860944747925,1000
E120,PATX,5,0.9488585791066454,113.97069311141968,15
E120,TSFRESH,5,0.903960224747448,5.751830816268921,10
E120,CATCH22,5,0.9357798962794772,51.40307378768921,22
E120,CNN,5,0.9452584819644417,33.29396986961365,1000
E122,PATX,1,0.9424392734076705,99.03107929229736,15
E122,TSFRESH,1,0.8825672218088456,5.840311050415039,10
E122,CATCH22,1,0.9360493648237925,50.87630891799927,22
E122,CNN,1,0.9402363492935973,27.554495096206665,1000
E122,PATX,2,0.9481706849822161,64.24305510520935,15
E122,TSFRESH,2,0.8845621409481503,5.740697145462036,10
E122,CATCH22,2,0.9350575190305584,50.924476861953735,22
E122,CNN,2,0.9457418351624125,33.455158948898315,1000
E122,PATX,3,0.9441707899052273,184.72004294395447,15
E122,TSFRESH,3,0.8808314794969827,5.787615060806274,10
E122,CATCH22,3,0.9333131739682472,50.825942039489746,22
E122,CNN,3,0.9411293488525077,31.412219047546387,1000
E122,PATX,4,0.9450056057181863,102.85167503356934,15
E122,TSFRESH,4,0.8878993411070674,5.790832996368408,10
E122,CATCH22,4,0.9372050513945919,50.74540734291077,22
E122,CNN,4,0.9430571618207562,19.04199719429016,1000
E122,PATX,5,0.9471973472161803,133.22518920898438,15
E122,TSFRESH,5,0.887732083216916,5.813492059707642,10
E122,CATCH22,5,0.9374832742109849,51.698105812072754,22
E122,CNN,5,0.9481951473696744,34.44185209274292,1000
E123,PATX,1,0.9667279956498251,149.9902548789978,15
E123,TSFRESH,1,0.9333599622482109,5.703993797302246,10
E123,CATCH22,1,0.9589300537350294,51.627683877944946,22
E123,CNN,1,0.9650056586444116,17.68702006340027,1000
E123,PATX,2,0.972898327244262,89.05379390716553,15
E123,TSFRESH,2,0.9303689930102412,5.774718999862671,10
E123,CATCH22,2,0.9590878358862635,52.0193247795105,22
E123,CNN,2,0.9683925323109823,11.641913175582886,1000
E123,PATX,3,0.9715909157892627,129.961119890213,15
E123,TSFRESH,3,0.9359979946736836,5.963815927505493,10
E123,CATCH22,3,0.9622402418652245,53.41511583328247,22
E123,CNN,3,0.9700822054109622,17.553668975830078,1000
E123,PATX,4,0.9633269023779798,117.48094987869263,15
E123,TSFRESH,4,0.9226679092380585,5.792163848876953,10
E123,CATCH22,4,0.9527429409802168,52.84706902503967,22
E123,CNN,4,0.9640550268143133,24.640605926513672,1000
E123,PATX,5,0.9659471777478335,111.46552681922913,15
E123,TSFRESH,5,0.9279709422204303,5.782258987426758,10
E123,CATCH22,5,0.9577612671398813,52.00116562843323,22
E123,CNN,5,0.9630844889600951,24.4113130569458,1000
E127,PATX,1,0.93975841329372,76.42887687683105,4
E127,TSFRESH,1,0.884132848828475,5.720265865325928,10
E127,CATCH22,1,0.9298448865708379,51.44249701499939,22
E127,CNN,1,0.9388804544353934,32.53201484680176,1000
E127,PATX,2,0.9570191431444601,87.67908096313477,15
E127,TSFRESH,2,0.8994180309605406,5.773957014083862,10
E127,CATCH22,2,0.9465638303265228,51.006235122680664,22
E127,CNN,2,0.954201105582022,26.57857394218445,1000
E127,PATX,3,0.9392659338560623,122.351243019104,15
E127,TSFRESH,3,0.8730892812302165,5.778734922409058,10
E127,CATCH22,3,0.9243232465773288,50.911980628967285,22
E127,CNN,3,0.9390737714871127,32.511022090911865,1000
E127,PATX,4,0.9447046888796934,81.3272488117218,15
E127,TSFRESH,4,0.8830311786390896,5.767000198364258,10
E127,CATCH22,4,0.9312822063540903,51.02007579803467,22
E127,CNN,4,0.942808559124117,24.059030055999756,1000
E127,PATX,5,0.945224440931292,135.60848379135132,15
E127,TSFRESH,5,0.8847657976919294,5.732561826705933,10
E127,CATCH22,5,0.9291623783806725,52.55186891555786,22
E127,CNN,5,0.9406023759756957,21.7754008769989,1000
E128,PATX,1,0.9446310039513304,62.91338109970093,4
E128,TSFRESH,1,0.9070122121853208,5.818853855133057,10
E128,CATCH22,1,0.9404219269083416,51.13356900215149,22
E128,CNN,1,0.9474803567567631,32.226088762283325,1000
E128,PATX,2,0.9407130461743772,81.65657496452332,4
E128,TSFRESH,2,0.9012714252199552,5.75911283493042,10
E128,CATCH22,2,0.933415002340137,51.256202936172485,22
E128,CNN,2,0.9399984792057918,21.842923164367676,1000
E128,PATX,3,0.947239345893443,97.31315422058105,15
E128,TSFRESH,3,0.9104599989861372,5.767404079437256,10
E128,CATCH22,3,0.9408075063572735,51.19792699813843,22
E128,CNN,3,0.9467623293380065,24.369796991348267,1000
E128,PATX,4,0.939252671115874,116.32980608940125,15
E128,TSFRESH,4,0.9005502268812754,5.781456232070923,10
E128,CATCH22,4,0.9329665743579949,54.844135761260986,22
E128,CNN,4,0.9392918698813191,24.559326887130737,1000
E128,PATX,5,0.9417860018556047,116.49560213088989,15
E128,TSFRESH,5,0.898184301395476,5.741321802139282,10
E128,CATCH22,5,0.9355321777655171,51.07866907119751,22
E128,CNN,5,0.9375382409008761,13.664644956588745,1000
